{"cameraMode":{"drawMode":0,"name":"Shaded","section":"Shading Mode"},"sceneLighting":true,"audioPlay":false,"sceneViewState":{"m_AlwaysRefresh":false,"showFog":true,"showSkybox":true,"showFlares":true,"showImageEffects":true,"showParticleSystems":true,"showVisualEffectGraphs":true,"m_FxEnabled":true},"in2DMode":false,"pivot":{"x":-14.58963394165039,"y":10.006237030029297,"z":-17.207494735717775},"rotation":{"x":0.12218286097049713,"y":0.31035658717155459,"z":-0.04026103764772415,"w":0.941902756690979},"size":11.884551048278809,"orthographic":true}